Time,Current,Voltage
0,-7.84776339,-0.04000005
8.00E-10,23.54324112,0.1199999
1.60E-09,7.847743771,0.03999995
2.40E-09,39.23874828,0.1999999
3.20E-09,39.23874828,0.1999999
4.00E-09,39.23874828,0.1999999
4.80E-09,70.62976261,0.3599999
5.60E-09,86.32526977,0.4399999
6.40E-09,102.0207769,0.5199999
7.20E-09,117.7162841,0.5999999
8.00E-09,149.1072984,0.7599999
8.80E-09,149.1072984,0.7599999
9.60E-09,211.8893467,1.08
1.04E-08,211.8893467,1.08
1.12E-08,243.280361,1.24
1.20E-08,258.9758682,1.32
1.28E-08,306.0623896,1.56
1.36E-08,337.453404,1.72
1.44E-08,353.1489111,1.8
1.52E-08,415.9309398,2.12
1.60E-08,447.3219541,2.28
1.68E-08,463.0174613,2.36
1.76E-08,494.4084756,2.52
1.84E-08,541.4949971,2.76
1.92E-08,588.5815185,3
2.00E-08,604.2770257,3.08
2.08E-08,635.66804,3.24
2.16E-08,682.7545615,3.48
2.24E-08,714.1455758,3.64
2.32E-08,761.2320973,3.88
2.40E-08,776.9276045,3.96
2.48E-08,824.014126,4.2
2.56E-08,871.1006474,4.44
2.64E-08,886.7961546,4.52
2.72E-08,918.1871689,4.68
2.80E-08,965.2736904,4.92
2.88E-08,980.9691976,5
2.96E-08,1028.055719,5.24
3.04E-08,1059.446733,5.4
3.12E-08,1090.837748,5.56
3.20E-08,1122.228762,5.72
3.28E-08,1153.619776,5.88
3.36E-08,1200.706298,6.12
3.44E-08,1200.706298,6.12
3.52E-08,1247.792819,6.36
3.60E-08,1263.488326,6.44
3.68E-08,1294.879341,6.6
3.76E-08,1341.965862,6.84
3.84E-08,1373.356877,7
3.92E-08,1389.052384,7.08
4.00E-08,1420.443398,7.24
4.08E-08,1436.138905,7.32
4.16E-08,1467.52992,7.48
4.24E-08,1498.920934,7.64
4.32E-08,1514.616441,7.72
4.40E-08,1561.702963,7.96
4.48E-08,1577.39847,8.04
4.56E-08,1593.093977,8.12
4.64E-08,1608.789484,8.2
4.72E-08,1640.180498,8.36
4.80E-08,1655.876005,8.44
4.88E-08,1671.571513,8.52
4.96E-08,1702.962527,8.68
5.04E-08,1718.658034,8.76
5.12E-08,1734.353541,8.84
5.20E-08,1750.049048,8.92
5.28E-08,1781.440063,9.08
5.36E-08,1781.440063,9.08
5.44E-08,1797.13557,9.16
5.52E-08,1828.526584,9.32
5.60E-08,1844.222091,9.4
5.68E-08,1859.917599,9.48
5.76E-08,1875.613106,9.56
5.84E-08,1891.308613,9.64
5.92E-08,1907.00412,9.72
6.00E-08,1922.699627,9.8
6.08E-08,1922.699627,9.8
6.16E-08,1922.699627,9.8
6.24E-08,1954.090642,9.96
6.32E-08,1954.090642,9.96
6.40E-08,1969.786149,10.04
6.48E-08,1969.786149,10.04
6.56E-08,2001.177163,10.2
6.64E-08,1985.481656,10.12
6.72E-08,2001.177163,10.2
6.80E-08,2001.177163,10.2
6.88E-08,2016.87267,10.28
6.96E-08,2016.87267,10.28
7.04E-08,2032.568177,10.36
7.12E-08,2016.87267,10.28
7.20E-08,2016.87267,10.28
7.28E-08,2032.568177,10.36
7.36E-08,2032.568177,10.36
7.44E-08,2016.87267,10.28
7.52E-08,2032.568177,10.36
7.60E-08,2032.568177,10.36
7.68E-08,2048.263685,10.44
7.76E-08,2032.568177,10.36
7.84E-08,2016.87267,10.28
7.92E-08,2032.568177,10.36
8.00E-08,2032.568177,10.36
8.08E-08,2016.87267,10.28
8.16E-08,2016.87267,10.28
8.24E-08,2032.568177,10.36
8.32E-08,2001.177163,10.2
8.40E-08,2001.177163,10.2
8.48E-08,2001.177163,10.2
8.56E-08,1985.481656,10.12
8.64E-08,1985.481656,10.12
8.72E-08,1969.786149,10.04
8.80E-08,1969.786149,10.04
8.88E-08,1954.090642,9.96
8.96E-08,1954.090642,9.96
9.04E-08,1938.395134,9.88
9.12E-08,1922.699627,9.8
9.20E-08,1907.00412,9.72
9.28E-08,1891.308613,9.64
9.36E-08,1891.308613,9.64
9.44E-08,1875.613106,9.56
9.52E-08,1844.222091,9.4
9.60E-08,1844.222091,9.4
9.68E-08,1844.222091,9.4
9.76E-08,1797.13557,9.16
9.84E-08,1781.440063,9.08
9.92E-08,1765.744556,9
1.00E-07,1750.049048,8.92
1.01E-07,1734.353541,8.84
1.02E-07,1734.353541,8.84
1.02E-07,1702.962527,8.68
1.03E-07,1702.962527,8.68
1.04E-07,1655.876005,8.44
1.05E-07,1655.876005,8.44
1.06E-07,1640.180498,8.36
1.06E-07,1593.093977,8.12
1.07E-07,1577.39847,8.04
1.08E-07,1561.702963,7.96
1.09E-07,1546.007455,7.88
1.10E-07,1514.616441,7.72
1.10E-07,1498.920934,7.64
1.11E-07,1467.52992,7.48
1.12E-07,1451.834412,7.4
1.13E-07,1436.138905,7.32
1.14E-07,1404.747891,7.16
1.14E-07,1373.356877,7
1.15E-07,1357.661369,6.92
1.16E-07,1310.574848,6.68
1.17E-07,1294.879341,6.6
1.18E-07,1263.488326,6.44
1.18E-07,1232.097312,6.28
1.19E-07,1216.401805,6.2
1.20E-07,1185.010791,6.04
1.21E-07,1137.924269,5.8
1.22E-07,1122.228762,5.72
1.22E-07,1090.837748,5.56
1.23E-07,1059.446733,5.4
1.24E-07,1043.751226,5.32
1.25E-07,996.6647047,5.08
1.26E-07,980.9691976,5
1.26E-07,965.2736904,4.92
1.27E-07,918.1871689,4.68
1.28E-07,902.4916618,4.6
1.29E-07,871.1006474,4.44
1.30E-07,839.7096331,4.28
1.30E-07,824.014126,4.2
1.31E-07,776.9276045,3.96
1.32E-07,745.5365902,3.8
1.33E-07,714.1455758,3.64
1.34E-07,698.4500687,3.56
1.34E-07,651.3635472,3.32
1.35E-07,604.2770257,3.08
1.36E-07,572.8860114,2.92
1.37E-07,541.4949971,2.76
1.38E-07,525.7994899,2.68
1.38E-07,494.4084756,2.52
1.39E-07,463.0174613,2.36
1.40E-07,415.9309398,2.12
1.41E-07,400.2354326,2.04
1.42E-07,353.1489111,1.8
1.42E-07,337.453404,1.72
1.43E-07,306.0623896,1.56
1.44E-07,258.9758682,1.32
1.45E-07,243.280361,1.24
1.46E-07,211.8893467,1.08
1.46E-07,180.4983127,0.9199999
1.47E-07,133.4117912,0.6799999
1.48E-07,102.0207769,0.5199999
1.49E-07,86.32526977,0.4399999
1.50E-07,39.23874828,0.1999999
1.50E-07,7.847743771,0.03999995
1.51E-07,-23.54326074,-0.12
1.52E-07,-54.93427506,-0.28
1.53E-07,-70.62978222,-0.36
1.54E-07,-117.7163037,-0.6
1.54E-07,-133.4118109,-0.68
1.55E-07,-164.8028252,-0.84
1.56E-07,-227.5848538,-1.16
1.57E-07,-243.280361,-1.24
1.58E-07,-274.6713753,-1.4
1.58E-07,-290.3668825,-1.48
1.59E-07,-337.453404,-1.72
1.60E-07,-368.8444183,-1.88
1.61E-07,-400.2354326,-2.04
1.62E-07,-431.6264469,-2.2
1.62E-07,-463.0174613,-2.36
1.63E-07,-494.4084756,-2.52
1.64E-07,-525.7994899,-2.68
1.65E-07,-541.4949971,-2.76
1.66E-07,-557.1905042,-2.84
1.66E-07,-604.2770257,-3.08
1.67E-07,-635.66804,-3.24
1.68E-07,-635.66804,-3.24
1.69E-07,-682.7545615,-3.48
1.70E-07,-698.4500687,-3.56
1.70E-07,-745.5365902,-3.8
1.71E-07,-776.9276045,-3.96
1.72E-07,-792.6231116,-4.04
1.73E-07,-808.3186188,-4.12
1.74E-07,-855.4051403,-4.36
1.74E-07,-886.7961546,-4.52
1.75E-07,-886.7961546,-4.52
1.76E-07,-918.1871689,-4.68
1.77E-07,-949.5781832,-4.84
1.78E-07,-965.2736904,-4.92
1.78E-07,-980.9691976,-5
1.79E-07,-1012.360212,-5.16
1.80E-07,-1028.055719,-5.24
1.81E-07,-1059.446733,-5.4
1.82E-07,-1090.837748,-5.56
1.82E-07,-1106.533255,-5.64
1.83E-07,-1122.228762,-5.72
1.84E-07,-1137.924269,-5.8
1.85E-07,-1153.619776,-5.88
1.86E-07,-1185.010791,-6.04
1.86E-07,-1216.401805,-6.2
1.87E-07,-1232.097312,-6.28
1.88E-07,-1247.792819,-6.36
1.89E-07,-1263.488326,-6.44
1.90E-07,-1294.879341,-6.6
1.90E-07,-1310.574848,-6.68
1.91E-07,-1310.574848,-6.68
1.92E-07,-1326.270355,-6.76
1.93E-07,-1357.661369,-6.92
1.94E-07,-1389.052384,-7.08
1.94E-07,-1373.356877,-7
1.95E-07,-1404.747891,-7.16
1.96E-07,-1420.443398,-7.24
1.97E-07,-1436.138905,-7.32
1.98E-07,-1451.834412,-7.4
1.98E-07,-1467.52992,-7.48
1.99E-07,-1483.225427,-7.56
2.00E-07,-1483.225427,-7.56
2.01E-07,-1514.616441,-7.72
2.02E-07,-1514.616441,-7.72
2.02E-07,-1514.616441,-7.72
2.03E-07,-1530.311948,-7.8
2.04E-07,-1546.007455,-7.88
2.05E-07,-1546.007455,-7.88
2.06E-07,-1546.007455,-7.88
2.06E-07,-1561.702963,-7.96
2.07E-07,-1577.39847,-8.04
2.08E-07,-1577.39847,-8.04
2.09E-07,-1577.39847,-8.04
2.10E-07,-1593.093977,-8.12
2.10E-07,-1608.789484,-8.2
2.11E-07,-1624.484991,-8.28
2.12E-07,-1608.789484,-8.2
2.13E-07,-1608.789484,-8.2
2.14E-07,-1608.789484,-8.2
2.14E-07,-1640.180498,-8.36
2.15E-07,-1624.484991,-8.28
2.16E-07,-1608.789484,-8.2
2.17E-07,-1640.180498,-8.36
2.18E-07,-1640.180498,-8.36
2.18E-07,-1624.484991,-8.28
2.19E-07,-1624.484991,-8.28
2.20E-07,-1624.484991,-8.28
2.21E-07,-1624.484991,-8.28
2.22E-07,-1640.180498,-8.36
2.22E-07,-1640.180498,-8.36
2.23E-07,-1624.484991,-8.28
2.24E-07,-1624.484991,-8.28
2.25E-07,-1624.484991,-8.28
2.26E-07,-1608.789484,-8.2
2.26E-07,-1593.093977,-8.12
2.27E-07,-1608.789484,-8.2
2.28E-07,-1593.093977,-8.12
2.29E-07,-1608.789484,-8.2
2.30E-07,-1577.39847,-8.04
2.30E-07,-1577.39847,-8.04
2.31E-07,-1577.39847,-8.04
2.32E-07,-1577.39847,-8.04
2.33E-07,-1561.702963,-7.96
2.34E-07,-1561.702963,-7.96
2.34E-07,-1546.007455,-7.88
2.35E-07,-1546.007455,-7.88
2.36E-07,-1530.311948,-7.8
2.37E-07,-1514.616441,-7.72
2.38E-07,-1498.920934,-7.64
2.38E-07,-1483.225427,-7.56
2.39E-07,-1483.225427,-7.56
2.40E-07,-1467.52992,-7.48
2.41E-07,-1467.52992,-7.48
2.42E-07,-1436.138905,-7.32
2.42E-07,-1420.443398,-7.24
2.43E-07,-1420.443398,-7.24
2.44E-07,-1404.747891,-7.16
2.45E-07,-1373.356877,-7
2.46E-07,-1373.356877,-7
2.46E-07,-1357.661369,-6.92
2.47E-07,-1341.965862,-6.84
2.48E-07,-1326.270355,-6.76
2.49E-07,-1310.574848,-6.68
2.50E-07,-1279.183834,-6.52
2.50E-07,-1263.488326,-6.44
2.51E-07,-1247.792819,-6.36
2.52E-07,-1216.401805,-6.2
2.53E-07,-1232.097312,-6.28
2.54E-07,-1185.010791,-6.04
2.54E-07,-1169.315284,-5.96
2.55E-07,-1169.315284,-5.96
2.56E-07,-1153.619776,-5.88
2.57E-07,-1122.228762,-5.72
2.58E-07,-1106.533255,-5.64
2.58E-07,-1075.142241,-5.48
2.59E-07,-1059.446733,-5.4
2.60E-07,-1043.751226,-5.32
2.61E-07,-1012.360212,-5.16
2.62E-07,-996.6647047,-5.08
2.62E-07,-965.2736904,-4.92
2.63E-07,-949.5781832,-4.84
2.64E-07,-933.8826761,-4.76
2.65E-07,-902.4916618,-4.6
2.66E-07,-902.4916618,-4.6
2.66E-07,-871.1006474,-4.44
2.67E-07,-824.014126,-4.2
2.68E-07,-808.3186188,-4.12
2.69E-07,-776.9276045,-3.96
2.70E-07,-761.2320973,-3.88
2.70E-07,-745.5365902,-3.8
2.71E-07,-714.1455758,-3.64
2.72E-07,-682.7545615,-3.48
2.73E-07,-667.0590543,-3.4
2.74E-07,-635.66804,-3.24
2.74E-07,-619.9725329,-3.16
2.75E-07,-588.5815185,-3
2.76E-07,-572.8860114,-2.92
2.77E-07,-557.1905042,-2.84
2.78E-07,-494.4084756,-2.52
2.78E-07,-494.4084756,-2.52
2.79E-07,-463.0174613,-2.36
2.80E-07,-447.3219541,-2.28
2.81E-07,-415.9309398,-2.12
2.82E-07,-400.2354326,-2.04
2.82E-07,-353.1489111,-1.8
2.83E-07,-337.453404,-1.72
2.84E-07,-306.0623896,-1.56
2.85E-07,-274.6713753,-1.4
2.86E-07,-274.6713753,-1.4
2.86E-07,-227.5848538,-1.16
2.87E-07,-211.8893467,-1.08
2.88E-07,-164.8028252,-0.84
2.89E-07,-164.8028252,-0.84
2.90E-07,-133.4118109,-0.68
2.90E-07,-102.0207965,-0.52
2.91E-07,-86.32528939,-0.44
2.92E-07,-54.93427506,-0.28
2.93E-07,-23.54326074,-0.12
2.94E-07,-23.54326074,-0.12
2.94E-07,23.54324112,0.1199999
2.95E-07,54.93425544,0.2799999
2.96E-07,86.32526977,0.4399999
2.97E-07,117.7162841,0.5999999
2.98E-07,133.4117912,0.6799999
2.98E-07,149.1072984,0.7599999
2.99E-07,180.4983127,0.9199999
3.00E-07,196.1938199,0.9999999
3.01E-07,227.5848538,1.16
3.02E-07,243.280361,1.24
3.02E-07,274.6713753,1.4
3.03E-07,290.3668825,1.48
3.04E-07,321.7578968,1.64
3.05E-07,353.1489111,1.8
3.06E-07,368.8444183,1.88
3.06E-07,400.2354326,2.04
3.07E-07,415.9309398,2.12
3.08E-07,447.3219541,2.28
3.09E-07,463.0174613,2.36
3.10E-07,510.1039827,2.6
3.10E-07,494.4084756,2.52
3.11E-07,525.7994899,2.68
3.12E-07,557.1905042,2.84
3.13E-07,572.8860114,2.92
3.14E-07,588.5815185,3
3.14E-07,619.9725329,3.16
3.15E-07,635.66804,3.24
3.16E-07,667.0590543,3.4
3.17E-07,667.0590543,3.4
3.18E-07,698.4500687,3.56
3.18E-07,729.841083,3.72
3.19E-07,729.841083,3.72
3.20E-07,761.2320973,3.88
3.21E-07,776.9276045,3.96
3.22E-07,792.6231116,4.04
3.22E-07,824.014126,4.2
3.23E-07,839.7096331,4.28
3.24E-07,855.4051403,4.36
3.25E-07,871.1006474,4.44
3.26E-07,902.4916618,4.6
3.26E-07,918.1871689,4.68
3.27E-07,933.8826761,4.76
3.28E-07,949.5781832,4.84
3.29E-07,965.2736904,4.92
3.30E-07,980.9691976,5
3.30E-07,996.6647047,5.08
3.31E-07,1012.360212,5.16
3.32E-07,1028.055719,5.24
3.33E-07,1028.055719,5.24
3.34E-07,1043.751226,5.32
3.34E-07,1075.142241,5.48
3.35E-07,1090.837748,5.56
3.36E-07,1090.837748,5.56
3.37E-07,1106.533255,5.64
3.38E-07,1106.533255,5.64
3.38E-07,1122.228762,5.72
3.39E-07,1137.924269,5.8
3.40E-07,1137.924269,5.8
3.41E-07,1153.619776,5.88
3.42E-07,1153.619776,5.88
3.42E-07,1200.706298,6.12
3.43E-07,1185.010791,6.04
3.44E-07,1200.706298,6.12
3.45E-07,1232.097312,6.28
3.46E-07,1216.401805,6.2
3.46E-07,1216.401805,6.2
3.47E-07,1232.097312,6.28
3.48E-07,1247.792819,6.36
3.49E-07,1247.792819,6.36
3.50E-07,1263.488326,6.44
3.50E-07,1263.488326,6.44
3.51E-07,1279.183834,6.52
3.52E-07,1279.183834,6.52
3.53E-07,1279.183834,6.52
3.54E-07,1279.183834,6.52
3.54E-07,1294.879341,6.6
3.55E-07,1294.879341,6.6
3.56E-07,1294.879341,6.6
3.57E-07,1310.574848,6.68
3.58E-07,1310.574848,6.68
3.58E-07,1310.574848,6.68
3.59E-07,1294.879341,6.6
3.60E-07,1294.879341,6.6
3.61E-07,1294.879341,6.6
3.62E-07,1310.574848,6.68
3.62E-07,1294.879341,6.6
3.63E-07,1310.574848,6.68
3.64E-07,1310.574848,6.68
3.65E-07,1294.879341,6.6
3.66E-07,1294.879341,6.6
3.66E-07,1294.879341,6.6
3.67E-07,1310.574848,6.68
3.68E-07,1294.879341,6.6
3.69E-07,1294.879341,6.6
3.70E-07,1294.879341,6.6
3.70E-07,1294.879341,6.6
3.71E-07,1279.183834,6.52
3.72E-07,1279.183834,6.52
3.73E-07,1263.488326,6.44
3.74E-07,1263.488326,6.44
3.74E-07,1279.183834,6.52
3.75E-07,1247.792819,6.36
3.76E-07,1263.488326,6.44
3.77E-07,1247.792819,6.36
3.78E-07,1232.097312,6.28
3.78E-07,1232.097312,6.28
3.79E-07,1216.401805,6.2
3.80E-07,1216.401805,6.2
3.81E-07,1200.706298,6.12
3.82E-07,1200.706298,6.12
3.82E-07,1185.010791,6.04
3.83E-07,1169.315284,5.96
3.84E-07,1169.315284,5.96
3.85E-07,1153.619776,5.88
3.86E-07,1137.924269,5.8
3.86E-07,1137.924269,5.8
3.87E-07,1122.228762,5.72
3.88E-07,1106.533255,5.64
3.89E-07,1090.837748,5.56
3.90E-07,1090.837748,5.56
3.90E-07,1075.142241,5.48
3.91E-07,1059.446733,5.4
3.92E-07,1043.751226,5.32
3.93E-07,1028.055719,5.24
3.94E-07,1012.360212,5.16
3.94E-07,1012.360212,5.16
3.95E-07,996.6647047,5.08
3.96E-07,965.2736904,4.92
3.97E-07,949.5781832,4.84
3.98E-07,949.5781832,4.84
3.98E-07,933.8826761,4.76
3.99E-07,918.1871689,4.68
4.00E-07,902.4916618,4.6
4.01E-07,886.7961546,4.52
4.02E-07,855.4051403,4.36
4.02E-07,839.7096331,4.28
4.03E-07,839.7096331,4.28
4.04E-07,824.014126,4.2
4.05E-07,792.6231116,4.04
4.06E-07,776.9276045,3.96
4.06E-07,761.2320973,3.88
4.07E-07,745.5365902,3.8
4.08E-07,714.1455758,3.64
4.09E-07,698.4500687,3.56
4.10E-07,682.7545615,3.48
4.10E-07,667.0590543,3.4
4.11E-07,651.3635472,3.32
4.12E-07,635.66804,3.24
4.13E-07,604.2770257,3.08
4.14E-07,588.5815185,3
4.14E-07,572.8860114,2.92
4.15E-07,541.4949971,2.76
4.16E-07,525.7994899,2.68
4.17E-07,510.1039827,2.6
4.18E-07,494.4084756,2.52
4.18E-07,478.7129684,2.44
4.19E-07,447.3219541,2.28
4.20E-07,431.6264469,2.2
4.21E-07,400.2354326,2.04
4.22E-07,384.5399254,1.96
4.22E-07,353.1489111,1.8
4.23E-07,337.453404,1.72
4.24E-07,321.7578968,1.64
4.25E-07,306.0623896,1.56
4.26E-07,290.3668825,1.48
4.26E-07,258.9758682,1.32
4.27E-07,243.280361,1.24
4.28E-07,211.8893467,1.08
4.29E-07,196.1938199,0.9999999
4.30E-07,180.4983127,0.9199999
4.30E-07,164.8028056,0.8399999
4.31E-07,133.4117912,0.6799999
4.32E-07,117.7162841,0.5999999
4.33E-07,102.0207769,0.5199999
4.34E-07,70.62976261,0.3599999
4.34E-07,39.23874828,0.1999999
4.35E-07,39.23874828,0.1999999
4.36E-07,7.847743771,0.03999995
4.37E-07,-7.84776339,-0.04000005
4.38E-07,-23.54326074,-0.12
4.38E-07,-39.2387679,-0.2
4.39E-07,-70.62978222,-0.36
4.40E-07,-86.32528939,-0.44
4.41E-07,-117.7163037,-0.6
4.42E-07,-117.7163037,-0.6
4.42E-07,-164.8028252,-0.84
4.43E-07,-164.8028252,-0.84
4.44E-07,-180.4983324,-0.92
4.45E-07,-211.8893467,-1.08
4.46E-07,-243.280361,-1.24
4.46E-07,-243.280361,-1.24
4.47E-07,-274.6713753,-1.4
4.48E-07,-274.6713753,-1.4
4.49E-07,-306.0623896,-1.56
4.50E-07,-306.0623896,-1.56
4.50E-07,-368.8444183,-1.88
4.51E-07,-353.1489111,-1.8
4.52E-07,-384.5399254,-1.96
4.53E-07,-400.2354326,-2.04
4.54E-07,-415.9309398,-2.12
4.54E-07,-431.6264469,-2.2
4.55E-07,-447.3219541,-2.28
4.56E-07,-463.0174613,-2.36
4.57E-07,-478.7129684,-2.44
4.58E-07,-510.1039827,-2.6
4.58E-07,-510.1039827,-2.6
4.59E-07,-541.4949971,-2.76
4.60E-07,-541.4949971,-2.76
4.61E-07,-572.8860114,-2.92
4.62E-07,-588.5815185,-3
4.62E-07,-604.2770257,-3.08
4.63E-07,-619.9725329,-3.16
4.64E-07,-635.66804,-3.24
4.65E-07,-651.3635472,-3.32
4.66E-07,-651.3635472,-3.32
4.66E-07,-667.0590543,-3.4
4.67E-07,-698.4500687,-3.56
4.68E-07,-698.4500687,-3.56
4.69E-07,-714.1455758,-3.64
4.70E-07,-729.841083,-3.72
4.70E-07,-745.5365902,-3.8
4.71E-07,-761.2320973,-3.88
4.72E-07,-792.6231116,-4.04
4.73E-07,-808.3186188,-4.12
4.74E-07,-792.6231116,-4.04
4.74E-07,-808.3186188,-4.12
4.75E-07,-808.3186188,-4.12
4.76E-07,-839.7096331,-4.28
4.77E-07,-855.4051403,-4.36
4.78E-07,-871.1006474,-4.44
4.78E-07,-871.1006474,-4.44
4.79E-07,-886.7961546,-4.52
4.80E-07,-886.7961546,-4.52
4.81E-07,-902.4916618,-4.6
4.82E-07,-918.1871689,-4.68
4.82E-07,-918.1871689,-4.68
4.83E-07,-918.1871689,-4.68
4.84E-07,-933.8826761,-4.76
4.85E-07,-933.8826761,-4.76
4.86E-07,-933.8826761,-4.76
4.86E-07,-949.5781832,-4.84
4.87E-07,-965.2736904,-4.92
4.88E-07,-965.2736904,-4.92
4.89E-07,-980.9691976,-5
4.90E-07,-980.9691976,-5
4.90E-07,-980.9691976,-5
4.91E-07,-996.6647047,-5.08
4.92E-07,-996.6647047,-5.08
4.93E-07,-1012.360212,-5.16
4.94E-07,-996.6647047,-5.08
4.94E-07,-1012.360212,-5.16
4.95E-07,-1028.055719,-5.24
4.96E-07,-1012.360212,-5.16
4.97E-07,-1028.055719,-5.24
4.98E-07,-1028.055719,-5.24
4.98E-07,-1028.055719,-5.24
4.99E-07,-1043.751226,-5.32
5.00E-07,-1043.751226,-5.32
5.01E-07,-1028.055719,-5.24
5.02E-07,-1043.751226,-5.32
5.02E-07,-1043.751226,-5.32
5.03E-07,-1059.446733,-5.4
5.04E-07,-1043.751226,-5.32
5.05E-07,-1043.751226,-5.32
5.06E-07,-1059.446733,-5.4
5.06E-07,-1059.446733,-5.4
5.07E-07,-1043.751226,-5.32
5.08E-07,-1028.055719,-5.24
5.09E-07,-1028.055719,-5.24
5.10E-07,-1043.751226,-5.32
5.10E-07,-1043.751226,-5.32
5.11E-07,-1043.751226,-5.32
5.12E-07,-1028.055719,-5.24
5.13E-07,-1028.055719,-5.24
5.14E-07,-1012.360212,-5.16
5.14E-07,-1028.055719,-5.24
5.15E-07,-1012.360212,-5.16
5.16E-07,-1028.055719,-5.24
5.17E-07,-996.6647047,-5.08
5.18E-07,-1012.360212,-5.16
5.18E-07,-996.6647047,-5.08
5.19E-07,-996.6647047,-5.08
5.20E-07,-996.6647047,-5.08
5.21E-07,-996.6647047,-5.08
5.22E-07,-980.9691976,-5
5.22E-07,-965.2736904,-4.92
5.23E-07,-980.9691976,-5
5.24E-07,-965.2736904,-4.92
5.25E-07,-965.2736904,-4.92
5.26E-07,-949.5781832,-4.84
5.26E-07,-933.8826761,-4.76
5.27E-07,-933.8826761,-4.76
5.28E-07,-918.1871689,-4.68
5.29E-07,-918.1871689,-4.68
5.30E-07,-902.4916618,-4.6
5.30E-07,-902.4916618,-4.6
5.31E-07,-886.7961546,-4.52
5.32E-07,-886.7961546,-4.52
5.33E-07,-855.4051403,-4.36
5.34E-07,-855.4051403,-4.36
5.34E-07,-855.4051403,-4.36
5.35E-07,-824.014126,-4.2
5.36E-07,-824.014126,-4.2
5.37E-07,-808.3186188,-4.12
5.38E-07,-808.3186188,-4.12
5.38E-07,-792.6231116,-4.04
5.39E-07,-776.9276045,-3.96
5.40E-07,-745.5365902,-3.8
5.41E-07,-745.5365902,-3.8
5.42E-07,-745.5365902,-3.8
5.42E-07,-729.841083,-3.72
5.43E-07,-714.1455758,-3.64
5.44E-07,-698.4500687,-3.56
5.45E-07,-698.4500687,-3.56
5.46E-07,-682.7545615,-3.48
5.46E-07,-667.0590543,-3.4
5.47E-07,-667.0590543,-3.4
5.48E-07,-635.66804,-3.24
5.49E-07,-635.66804,-3.24
5.50E-07,-604.2770257,-3.08
5.50E-07,-604.2770257,-3.08
5.51E-07,-588.5815185,-3
5.52E-07,-557.1905042,-2.84
5.53E-07,-541.4949971,-2.76
5.54E-07,-525.7994899,-2.68
5.54E-07,-525.7994899,-2.68
5.55E-07,-510.1039827,-2.6
5.56E-07,-494.4084756,-2.52
5.57E-07,-478.7129684,-2.44
5.58E-07,-463.0174613,-2.36
5.58E-07,-447.3219541,-2.28
5.59E-07,-431.6264469,-2.2
5.60E-07,-400.2354326,-2.04
5.61E-07,-384.5399254,-1.96
5.62E-07,-368.8444183,-1.88
5.62E-07,-368.8444183,-1.88
5.63E-07,-337.453404,-1.72
5.64E-07,-337.453404,-1.72
5.65E-07,-306.0623896,-1.56
5.66E-07,-290.3668825,-1.48
5.66E-07,-290.3668825,-1.48
5.67E-07,-258.9758682,-1.32
5.68E-07,-258.9758682,-1.32
5.69E-07,-211.8893467,-1.08
5.70E-07,-196.1938395,-1
5.70E-07,-196.1938395,-1
5.71E-07,-180.4983324,-0.92
5.72E-07,-164.8028252,-0.84
5.73E-07,-133.4118109,-0.68
5.74E-07,-117.7163037,-0.6
5.74E-07,-117.7163037,-0.6
5.75E-07,-102.0207965,-0.52
5.76E-07,-70.62978222,-0.36
5.77E-07,-54.93427506,-0.28
5.78E-07,-54.93427506,-0.28
5.78E-07,-23.54326074,-0.12
5.79E-07,-23.54326074,-0.12
5.80E-07,-7.84776339,-0.04000005
5.81E-07,23.54324112,0.1199999
5.82E-07,39.23874828,0.1999999
5.82E-07,54.93425544,0.2799999
5.83E-07,54.93425544,0.2799999
5.84E-07,86.32526977,0.4399999
5.85E-07,102.0207769,0.5199999
5.86E-07,117.7162841,0.5999999
5.86E-07,133.4117912,0.6799999
5.87E-07,149.1072984,0.7599999
5.88E-07,164.8028056,0.8399999
5.89E-07,164.8028056,0.8399999
5.90E-07,180.4983127,0.9199999
5.90E-07,211.8893467,1.08
5.91E-07,227.5848538,1.16
5.92E-07,243.280361,1.24
5.93E-07,243.280361,1.24
5.94E-07,274.6713753,1.4
5.94E-07,274.6713753,1.4
5.95E-07,290.3668825,1.48
5.96E-07,306.0623896,1.56
5.97E-07,321.7578968,1.64
5.98E-07,353.1489111,1.8
5.98E-07,353.1489111,1.8
5.99E-07,368.8444183,1.88
6.00E-07,400.2354326,2.04
6.01E-07,400.2354326,2.04
6.02E-07,400.2354326,2.04
6.02E-07,415.9309398,2.12
6.03E-07,431.6264469,2.2
6.04E-07,463.0174613,2.36
6.05E-07,463.0174613,2.36
6.06E-07,478.7129684,2.44
6.06E-07,478.7129684,2.44
6.07E-07,510.1039827,2.6
6.08E-07,510.1039827,2.6
6.09E-07,510.1039827,2.6
6.10E-07,541.4949971,2.76
6.10E-07,541.4949971,2.76
6.11E-07,572.8860114,2.92
6.12E-07,572.8860114,2.92
6.13E-07,572.8860114,2.92
6.14E-07,604.2770257,3.08
6.14E-07,604.2770257,3.08
6.15E-07,619.9725329,3.16
6.16E-07,619.9725329,3.16
6.17E-07,651.3635472,3.32
6.18E-07,651.3635472,3.32
6.18E-07,635.66804,3.24
6.19E-07,667.0590543,3.4
6.20E-07,651.3635472,3.32
6.21E-07,682.7545615,3.48
6.22E-07,682.7545615,3.48
6.22E-07,682.7545615,3.48
6.23E-07,714.1455758,3.64
6.24E-07,714.1455758,3.64
6.25E-07,714.1455758,3.64
6.26E-07,729.841083,3.72
6.26E-07,729.841083,3.72
6.27E-07,729.841083,3.72
6.28E-07,745.5365902,3.8
6.29E-07,729.841083,3.72
6.30E-07,745.5365902,3.8
6.30E-07,761.2320973,3.88
6.31E-07,761.2320973,3.88
6.32E-07,761.2320973,3.88
6.33E-07,776.9276045,3.96
6.34E-07,761.2320973,3.88
6.34E-07,776.9276045,3.96
6.35E-07,776.9276045,3.96
6.36E-07,792.6231116,4.04
6.37E-07,792.6231116,4.04
6.38E-07,792.6231116,4.04
6.38E-07,792.6231116,4.04
6.39E-07,792.6231116,4.04
6.40E-07,808.3186188,4.12
6.41E-07,808.3186188,4.12
6.42E-07,792.6231116,4.04
6.42E-07,824.014126,4.2
6.43E-07,808.3186188,4.12
6.44E-07,808.3186188,4.12
6.45E-07,808.3186188,4.12
6.46E-07,808.3186188,4.12
6.46E-07,808.3186188,4.12
6.47E-07,808.3186188,4.12
6.48E-07,824.014126,4.2
6.49E-07,808.3186188,4.12
6.50E-07,824.014126,4.2
6.50E-07,839.7096331,4.28
6.51E-07,808.3186188,4.12
6.52E-07,808.3186188,4.12
6.53E-07,808.3186188,4.12
6.54E-07,792.6231116,4.04
6.54E-07,808.3186188,4.12
6.55E-07,808.3186188,4.12
6.56E-07,808.3186188,4.12
6.57E-07,792.6231116,4.04
6.58E-07,808.3186188,4.12
6.58E-07,792.6231116,4.04
6.59E-07,792.6231116,4.04
6.60E-07,792.6231116,4.04
6.61E-07,776.9276045,3.96
6.62E-07,792.6231116,4.04
6.62E-07,761.2320973,3.88
6.63E-07,776.9276045,3.96
6.64E-07,761.2320973,3.88
6.65E-07,761.2320973,3.88
6.66E-07,745.5365902,3.8
6.66E-07,761.2320973,3.88
6.67E-07,761.2320973,3.88
6.68E-07,745.5365902,3.8
6.69E-07,745.5365902,3.8
6.70E-07,729.841083,3.72
6.70E-07,729.841083,3.72
6.71E-07,714.1455758,3.64
6.72E-07,714.1455758,3.64
6.73E-07,714.1455758,3.64
6.74E-07,698.4500687,3.56
6.74E-07,698.4500687,3.56
6.75E-07,667.0590543,3.4
6.76E-07,667.0590543,3.4
6.77E-07,667.0590543,3.4
6.78E-07,667.0590543,3.4
6.78E-07,635.66804,3.24
6.79E-07,635.66804,3.24
6.80E-07,635.66804,3.24
6.81E-07,635.66804,3.24
6.82E-07,604.2770257,3.08
6.82E-07,604.2770257,3.08
6.83E-07,588.5815185,3
6.84E-07,572.8860114,2.92
6.85E-07,557.1905042,2.84
6.86E-07,557.1905042,2.84
6.86E-07,557.1905042,2.84
6.87E-07,525.7994899,2.68
6.88E-07,525.7994899,2.68
6.89E-07,510.1039827,2.6
6.90E-07,510.1039827,2.6
6.90E-07,494.4084756,2.52
6.91E-07,478.7129684,2.44
6.92E-07,478.7129684,2.44
6.93E-07,463.0174613,2.36
6.94E-07,447.3219541,2.28
6.94E-07,431.6264469,2.2
6.95E-07,431.6264469,2.2
6.96E-07,400.2354326,2.04
6.97E-07,415.9309398,2.12
6.98E-07,400.2354326,2.04
6.98E-07,384.5399254,1.96
6.99E-07,368.8444183,1.88
7.00E-07,353.1489111,1.8
7.01E-07,337.453404,1.72
7.02E-07,321.7578968,1.64
7.02E-07,306.0623896,1.56
7.03E-07,306.0623896,1.56
7.04E-07,290.3668825,1.48
7.05E-07,274.6713753,1.4
7.06E-07,274.6713753,1.4
7.06E-07,258.9758682,1.32
7.07E-07,243.280361,1.24
7.08E-07,227.5848538,1.16
7.09E-07,211.8893467,1.08
7.10E-07,196.1938199,0.9999999
7.10E-07,180.4983127,0.9199999
7.11E-07,180.4983127,0.9199999
7.12E-07,149.1072984,0.7599999
7.13E-07,149.1072984,0.7599999
7.14E-07,133.4117912,0.6799999
7.14E-07,133.4117912,0.6799999
7.15E-07,133.4117912,0.6799999
7.16E-07,86.32526977,0.4399999
7.17E-07,70.62976261,0.3599999
7.18E-07,86.32526977,0.4399999
7.18E-07,54.93425544,0.2799999
7.19E-07,54.93425544,0.2799999
7.20E-07,39.23874828,0.1999999
7.21E-07,23.54324112,0.1199999
7.22E-07,23.54324112,0.1199999
7.22E-07,-7.84776339,-0.04000005
7.23E-07,-7.84776339,-0.04000005
7.24E-07,-23.54326074,-0.12
7.25E-07,-54.93427506,-0.28
7.26E-07,-54.93427506,-0.28
7.26E-07,-70.62978222,-0.36
7.27E-07,-86.32528939,-0.44
7.28E-07,-86.32528939,-0.44
7.29E-07,-86.32528939,-0.44
7.30E-07,-117.7163037,-0.6
7.30E-07,-102.0207965,-0.52
7.31E-07,-133.4118109,-0.68
7.32E-07,-149.107318,-0.76
7.33E-07,-149.107318,-0.76
7.34E-07,-164.8028252,-0.84
7.34E-07,-180.4983324,-0.92
7.35E-07,-196.1938395,-1
7.36E-07,-211.8893467,-1.08
7.37E-07,-227.5848538,-1.16
7.38E-07,-227.5848538,-1.16
7.38E-07,-243.280361,-1.24
7.39E-07,-243.280361,-1.24
7.40E-07,-258.9758682,-1.32
7.41E-07,-290.3668825,-1.48
7.42E-07,-290.3668825,-1.48
7.42E-07,-290.3668825,-1.48
7.43E-07,-306.0623896,-1.56
7.44E-07,-321.7578968,-1.64
7.45E-07,-321.7578968,-1.64
7.46E-07,-337.453404,-1.72
7.46E-07,-337.453404,-1.72
7.47E-07,-353.1489111,-1.8
7.48E-07,-353.1489111,-1.8
7.49E-07,-384.5399254,-1.96
7.50E-07,-384.5399254,-1.96
7.50E-07,-400.2354326,-2.04
7.51E-07,-415.9309398,-2.12
7.52E-07,-415.9309398,-2.12
7.53E-07,-431.6264469,-2.2
7.54E-07,-447.3219541,-2.28
7.54E-07,-463.0174613,-2.36
7.55E-07,-447.3219541,-2.28
7.56E-07,-447.3219541,-2.28
7.57E-07,-463.0174613,-2.36
7.58E-07,-463.0174613,-2.36
7.58E-07,-478.7129684,-2.44
7.59E-07,-494.4084756,-2.52
7.60E-07,-478.7129684,-2.44
7.61E-07,-510.1039827,-2.6
7.62E-07,-510.1039827,-2.6
7.62E-07,-510.1039827,-2.6
7.63E-07,-510.1039827,-2.6
7.64E-07,-541.4949971,-2.76
7.65E-07,-541.4949971,-2.76
7.66E-07,-541.4949971,-2.76
7.66E-07,-557.1905042,-2.84
7.67E-07,-541.4949971,-2.76
7.68E-07,-557.1905042,-2.84
7.69E-07,-541.4949971,-2.76
7.70E-07,-572.8860114,-2.92
7.70E-07,-572.8860114,-2.92
7.71E-07,-588.5815185,-3
7.72E-07,-588.5815185,-3
7.73E-07,-588.5815185,-3
7.74E-07,-588.5815185,-3
7.74E-07,-588.5815185,-3
7.75E-07,-619.9725329,-3.16
7.76E-07,-604.2770257,-3.08
7.77E-07,-604.2770257,-3.08
7.78E-07,-604.2770257,-3.08
7.78E-07,-619.9725329,-3.16
7.79E-07,-619.9725329,-3.16
7.80E-07,-619.9725329,-3.16
7.81E-07,-619.9725329,-3.16
7.82E-07,-619.9725329,-3.16
7.82E-07,-619.9725329,-3.16
7.83E-07,-619.9725329,-3.16
7.84E-07,-651.3635472,-3.32
7.85E-07,-635.66804,-3.24
7.86E-07,-651.3635472,-3.32
7.86E-07,-635.66804,-3.24
7.87E-07,-635.66804,-3.24
7.88E-07,-635.66804,-3.24
7.89E-07,-635.66804,-3.24
7.90E-07,-651.3635472,-3.32
7.90E-07,-635.66804,-3.24
7.91E-07,-635.66804,-3.24
7.92E-07,-635.66804,-3.24
7.93E-07,-619.9725329,-3.16
7.94E-07,-635.66804,-3.24
7.94E-07,-635.66804,-3.24
7.95E-07,-635.66804,-3.24
7.96E-07,-619.9725329,-3.16
7.97E-07,-635.66804,-3.24
7.98E-07,-651.3635472,-3.32
7.98E-07,-635.66804,-3.24
7.99E-07,-635.66804,-3.24
8.00E-07,-619.9725329,-3.16
8.01E-07,-619.9725329,-3.16
8.02E-07,-604.2770257,-3.08
8.02E-07,-604.2770257,-3.08
8.03E-07,-619.9725329,-3.16
8.04E-07,-619.9725329,-3.16
8.05E-07,-604.2770257,-3.08
8.06E-07,-604.2770257,-3.08
8.06E-07,-604.2770257,-3.08
8.07E-07,-588.5815185,-3
8.08E-07,-588.5815185,-3
8.09E-07,-572.8860114,-2.92
8.10E-07,-572.8860114,-2.92
8.10E-07,-572.8860114,-2.92
8.11E-07,-572.8860114,-2.92
8.12E-07,-572.8860114,-2.92
8.13E-07,-557.1905042,-2.84
8.14E-07,-572.8860114,-2.92
8.14E-07,-557.1905042,-2.84
8.15E-07,-541.4949971,-2.76
8.16E-07,-541.4949971,-2.76
8.17E-07,-541.4949971,-2.76
8.18E-07,-541.4949971,-2.76
8.18E-07,-541.4949971,-2.76
8.19E-07,-525.7994899,-2.68
8.20E-07,-525.7994899,-2.68
8.21E-07,-494.4084756,-2.52
8.22E-07,-510.1039827,-2.6
8.22E-07,-494.4084756,-2.52
8.23E-07,-494.4084756,-2.52
8.24E-07,-478.7129684,-2.44
8.25E-07,-463.0174613,-2.36
8.26E-07,-478.7129684,-2.44
8.26E-07,-447.3219541,-2.28
8.27E-07,-447.3219541,-2.28
8.28E-07,-447.3219541,-2.28
8.29E-07,-431.6264469,-2.2
8.30E-07,-447.3219541,-2.28
8.30E-07,-415.9309398,-2.12
8.31E-07,-415.9309398,-2.12
8.32E-07,-400.2354326,-2.04
8.33E-07,-400.2354326,-2.04
8.34E-07,-368.8444183,-1.88
8.34E-07,-384.5399254,-1.96
8.35E-07,-384.5399254,-1.96
8.36E-07,-368.8444183,-1.88
8.37E-07,-353.1489111,-1.8
8.38E-07,-353.1489111,-1.8
8.38E-07,-337.453404,-1.72
8.39E-07,-321.7578968,-1.64
8.40E-07,-321.7578968,-1.64
8.41E-07,-306.0623896,-1.56
8.42E-07,-290.3668825,-1.48
8.42E-07,-290.3668825,-1.48
8.43E-07,-274.6713753,-1.4
8.44E-07,-274.6713753,-1.4
8.45E-07,-274.6713753,-1.4
8.46E-07,-258.9758682,-1.32
8.46E-07,-243.280361,-1.24
8.47E-07,-227.5848538,-1.16
8.48E-07,-227.5848538,-1.16
8.49E-07,-211.8893467,-1.08
8.50E-07,-211.8893467,-1.08
8.50E-07,-196.1938395,-1
8.51E-07,-180.4983324,-0.92
8.52E-07,-180.4983324,-0.92
8.53E-07,-164.8028252,-0.84
8.54E-07,-149.107318,-0.76
8.54E-07,-149.107318,-0.76
8.55E-07,-133.4118109,-0.68
8.56E-07,-117.7163037,-0.6
8.57E-07,-117.7163037,-0.6
8.58E-07,-102.0207965,-0.52
8.58E-07,-86.32528939,-0.44
8.59E-07,-70.62978222,-0.36
8.60E-07,-70.62978222,-0.36
8.61E-07,-54.93427506,-0.28
8.62E-07,-54.93427506,-0.28
8.62E-07,-54.93427506,-0.28
8.63E-07,-39.2387679,-0.2
8.64E-07,-23.54326074,-0.12
8.65E-07,-7.84776339,-0.04000005
8.66E-07,-7.84776339,-0.04000005
8.66E-07,7.847743771,0.03999995
8.67E-07,23.54324112,0.1199999
8.68E-07,23.54324112,0.1199999
8.69E-07,23.54324112,0.1199999
8.70E-07,39.23874828,0.1999999
8.70E-07,54.93425544,0.2799999
8.71E-07,54.93425544,0.2799999
8.72E-07,70.62976261,0.3599999
8.73E-07,70.62976261,0.3599999
8.74E-07,102.0207769,0.5199999
8.74E-07,86.32526977,0.4399999
8.75E-07,117.7162841,0.5999999
8.76E-07,117.7162841,0.5999999
8.77E-07,117.7162841,0.5999999
8.78E-07,149.1072984,0.7599999
8.78E-07,149.1072984,0.7599999
8.79E-07,164.8028056,0.8399999
8.80E-07,164.8028056,0.8399999
8.81E-07,164.8028056,0.8399999
8.82E-07,180.4983127,0.9199999
8.82E-07,180.4983127,0.9199999
8.83E-07,196.1938199,0.9999999
8.84E-07,211.8893467,1.08
8.85E-07,211.8893467,1.08
8.86E-07,227.5848538,1.16
8.86E-07,243.280361,1.24
8.87E-07,227.5848538,1.16
8.88E-07,243.280361,1.24
8.89E-07,258.9758682,1.32
8.90E-07,258.9758682,1.32
8.90E-07,258.9758682,1.32
8.91E-07,274.6713753,1.4
8.92E-07,290.3668825,1.48
8.93E-07,290.3668825,1.48
8.94E-07,306.0623896,1.56
8.94E-07,306.0623896,1.56
8.95E-07,321.7578968,1.64
8.96E-07,321.7578968,1.64
8.97E-07,321.7578968,1.64
8.98E-07,337.453404,1.72
8.98E-07,337.453404,1.72
8.99E-07,337.453404,1.72
9.00E-07,353.1489111,1.8
9.01E-07,353.1489111,1.8
9.02E-07,368.8444183,1.88
9.02E-07,368.8444183,1.88
9.03E-07,368.8444183,1.88
9.04E-07,368.8444183,1.88
9.05E-07,384.5399254,1.96
9.06E-07,384.5399254,1.96
9.06E-07,400.2354326,2.04
9.07E-07,384.5399254,1.96
9.08E-07,400.2354326,2.04
9.09E-07,415.9309398,2.12
9.10E-07,415.9309398,2.12
9.10E-07,415.9309398,2.12
9.11E-07,415.9309398,2.12
9.12E-07,431.6264469,2.2
9.13E-07,431.6264469,2.2
9.14E-07,447.3219541,2.28
9.14E-07,431.6264469,2.2
9.15E-07,431.6264469,2.2
9.16E-07,447.3219541,2.28
9.17E-07,463.0174613,2.36
9.18E-07,447.3219541,2.28
9.18E-07,463.0174613,2.36
9.19E-07,463.0174613,2.36
9.20E-07,463.0174613,2.36
9.21E-07,478.7129684,2.44
9.22E-07,463.0174613,2.36
9.22E-07,463.0174613,2.36
9.23E-07,463.0174613,2.36
9.24E-07,463.0174613,2.36
9.25E-07,463.0174613,2.36
9.26E-07,463.0174613,2.36
9.26E-07,478.7129684,2.44
9.27E-07,478.7129684,2.44
9.28E-07,463.0174613,2.36
9.29E-07,478.7129684,2.44
9.30E-07,478.7129684,2.44
9.30E-07,478.7129684,2.44
9.31E-07,478.7129684,2.44
9.32E-07,478.7129684,2.44
9.33E-07,478.7129684,2.44
9.34E-07,478.7129684,2.44
9.34E-07,478.7129684,2.44
9.35E-07,478.7129684,2.44
9.36E-07,463.0174613,2.36
9.37E-07,463.0174613,2.36
9.38E-07,478.7129684,2.44
9.38E-07,463.0174613,2.36
9.39E-07,478.7129684,2.44
9.40E-07,478.7129684,2.44
9.41E-07,463.0174613,2.36
9.42E-07,478.7129684,2.44
9.42E-07,478.7129684,2.44
9.43E-07,463.0174613,2.36
9.44E-07,463.0174613,2.36
9.45E-07,463.0174613,2.36
9.46E-07,463.0174613,2.36
9.46E-07,463.0174613,2.36
9.47E-07,463.0174613,2.36
9.48E-07,447.3219541,2.28
9.49E-07,447.3219541,2.28
9.50E-07,447.3219541,2.28
9.50E-07,447.3219541,2.28
9.51E-07,447.3219541,2.28
9.52E-07,447.3219541,2.28
9.53E-07,431.6264469,2.2
9.54E-07,447.3219541,2.28
9.54E-07,431.6264469,2.2
9.55E-07,431.6264469,2.2
9.56E-07,431.6264469,2.2
9.57E-07,415.9309398,2.12
9.58E-07,415.9309398,2.12
9.58E-07,400.2354326,2.04
9.59E-07,400.2354326,2.04
9.60E-07,400.2354326,2.04
9.61E-07,400.2354326,2.04
9.62E-07,400.2354326,2.04
9.62E-07,384.5399254,1.96
9.63E-07,400.2354326,2.04
9.64E-07,384.5399254,1.96
9.65E-07,368.8444183,1.88
9.66E-07,368.8444183,1.88
9.66E-07,353.1489111,1.8
9.67E-07,337.453404,1.72
9.68E-07,353.1489111,1.8
9.69E-07,353.1489111,1.8
9.70E-07,337.453404,1.72
9.70E-07,337.453404,1.72
9.71E-07,337.453404,1.72
9.72E-07,321.7578968,1.64
9.73E-07,321.7578968,1.64
9.74E-07,321.7578968,1.64
9.74E-07,306.0623896,1.56
9.75E-07,306.0623896,1.56
9.76E-07,290.3668825,1.48
9.77E-07,274.6713753,1.4
9.78E-07,290.3668825,1.48
9.78E-07,274.6713753,1.4
9.79E-07,258.9758682,1.32
9.80E-07,243.280361,1.24
9.81E-07,243.280361,1.24
9.82E-07,243.280361,1.24
9.82E-07,227.5848538,1.16
9.83E-07,227.5848538,1.16
9.84E-07,227.5848538,1.16
9.85E-07,211.8893467,1.08
9.86E-07,211.8893467,1.08
9.86E-07,196.1938199,0.9999999
9.87E-07,196.1938199,0.9999999
9.88E-07,180.4983127,0.9199999
9.89E-07,180.4983127,0.9199999
9.90E-07,180.4983127,0.9199999
9.90E-07,149.1072984,0.7599999
9.91E-07,149.1072984,0.7599999
9.92E-07,133.4117912,0.6799999
9.93E-07,149.1072984,0.7599999
9.94E-07,133.4117912,0.6799999
9.94E-07,133.4117912,0.6799999
9.95E-07,117.7162841,0.5999999
9.96E-07,117.7162841,0.5999999
9.97E-07,102.0207769,0.5199999
9.98E-07,86.32526977,0.4399999
9.98E-07,86.32526977,0.4399999
9.99E-07,86.32526977,0.4399999
1.00E-06,70.62976261,0.3599999
1.00E-06,70.62976261,0.3599999
1.00E-06,54.93425544,0.2799999
1.00E-06,54.93425544,0.2799999
1.00E-06,54.93425544,0.2799999
1.00E-06,39.23874828,0.1999999
1.00E-06,23.54324112,0.1199999
1.01E-06,23.54324112,0.1199999
1.01E-06,7.847743771,0.03999995
1.01E-06,7.847743771,0.03999995
1.01E-06,-7.84776339,-0.04000005
1.01E-06,-7.84776339,-0.04000005
1.01E-06,-7.84776339,-0.04000005
1.01E-06,-23.54326074,-0.12
1.01E-06,-23.54326074,-0.12
1.01E-06,-23.54326074,-0.12
1.01E-06,-39.2387679,-0.2
1.01E-06,-39.2387679,-0.2
1.01E-06,-70.62978222,-0.36
1.02E-06,-54.93427506,-0.28
1.02E-06,-54.93427506,-0.28
1.02E-06,-86.32528939,-0.44
1.02E-06,-86.32528939,-0.44
1.02E-06,-102.0207965,-0.52
1.02E-06,-102.0207965,-0.52
1.02E-06,-102.0207965,-0.52
1.02E-06,-117.7163037,-0.6
1.02E-06,-102.0207965,-0.52
1.02E-06,-117.7163037,-0.6
1.02E-06,-149.107318,-0.76
1.02E-06,-133.4118109,-0.68
1.02E-06,-133.4118109,-0.68
1.03E-06,-149.107318,-0.76
1.03E-06,-149.107318,-0.76
1.03E-06,-164.8028252,-0.84
1.03E-06,-180.4983324,-0.92
1.03E-06,-164.8028252,-0.84
1.03E-06,-180.4983324,-0.92
1.03E-06,-180.4983324,-0.92
1.03E-06,-196.1938395,-1
1.03E-06,-196.1938395,-1
1.03E-06,-211.8893467,-1.08
1.03E-06,-227.5848538,-1.16
1.03E-06,-211.8893467,-1.08
1.04E-06,-211.8893467,-1.08
1.04E-06,-227.5848538,-1.16
1.04E-06,-227.5848538,-1.16
1.04E-06,-258.9758682,-1.32
1.04E-06,-258.9758682,-1.32
1.04E-06,-243.280361,-1.24
1.04E-06,-258.9758682,-1.32
1.04E-06,-274.6713753,-1.4
1.04E-06,-258.9758682,-1.32
1.04E-06,-258.9758682,-1.32
1.04E-06,-274.6713753,-1.4
1.04E-06,-258.9758682,-1.32
1.04E-06,-274.6713753,-1.4
1.05E-06,-274.6713753,-1.4
1.05E-06,-290.3668825,-1.48
1.05E-06,-321.7578968,-1.64
1.05E-06,-306.0623896,-1.56
1.05E-06,-321.7578968,-1.64
1.05E-06,-306.0623896,-1.56
1.05E-06,-306.0623896,-1.56
1.05E-06,-306.0623896,-1.56
1.05E-06,-306.0623896,-1.56
1.05E-06,-321.7578968,-1.64
1.05E-06,-321.7578968,-1.64
1.05E-06,-321.7578968,-1.64
1.06E-06,-337.453404,-1.72
1.06E-06,-337.453404,-1.72
1.06E-06,-321.7578968,-1.64
1.06E-06,-337.453404,-1.72
1.06E-06,-337.453404,-1.72
1.06E-06,-337.453404,-1.72
1.06E-06,-353.1489111,-1.8
1.06E-06,-337.453404,-1.72
1.06E-06,-353.1489111,-1.8
1.06E-06,-337.453404,-1.72
1.06E-06,-353.1489111,-1.8
1.06E-06,-353.1489111,-1.8
1.06E-06,-337.453404,-1.72
1.07E-06,-353.1489111,-1.8
1.07E-06,-368.8444183,-1.88
1.07E-06,-353.1489111,-1.8
1.07E-06,-353.1489111,-1.8
1.07E-06,-368.8444183,-1.88
1.07E-06,-368.8444183,-1.88
1.07E-06,-353.1489111,-1.8
1.07E-06,-368.8444183,-1.88
1.07E-06,-353.1489111,-1.8
1.07E-06,-384.5399254,-1.96
1.07E-06,-368.8444183,-1.88
1.07E-06,-353.1489111,-1.8
1.08E-06,-368.8444183,-1.88
1.08E-06,-353.1489111,-1.8
1.08E-06,-353.1489111,-1.8
1.08E-06,-353.1489111,-1.8
1.08E-06,-353.1489111,-1.8
1.08E-06,-368.8444183,-1.88
1.08E-06,-353.1489111,-1.8
1.08E-06,-368.8444183,-1.88
1.08E-06,-368.8444183,-1.88
1.08E-06,-353.1489111,-1.8
1.08E-06,-353.1489111,-1.8
1.08E-06,-353.1489111,-1.8
1.08E-06,-368.8444183,-1.88
1.09E-06,-353.1489111,-1.8
1.09E-06,-353.1489111,-1.8
1.09E-06,-337.453404,-1.72
1.09E-06,-337.453404,-1.72
1.09E-06,-337.453404,-1.72
1.09E-06,-337.453404,-1.72
1.09E-06,-353.1489111,-1.8
1.09E-06,-337.453404,-1.72
1.09E-06,-321.7578968,-1.64
1.09E-06,-337.453404,-1.72
1.09E-06,-337.453404,-1.72
1.09E-06,-321.7578968,-1.64
1.10E-06,-337.453404,-1.72
1.10E-06,-321.7578968,-1.64
1.10E-06,-321.7578968,-1.64
1.10E-06,-337.453404,-1.72
1.10E-06,-321.7578968,-1.64
1.10E-06,-321.7578968,-1.64
1.10E-06,-306.0623896,-1.56
1.10E-06,-306.0623896,-1.56
1.10E-06,-290.3668825,-1.48
1.10E-06,-290.3668825,-1.48
1.10E-06,-306.0623896,-1.56
1.10E-06,-274.6713753,-1.4
1.10E-06,-306.0623896,-1.56
1.11E-06,-290.3668825,-1.48
1.11E-06,-274.6713753,-1.4
1.11E-06,-274.6713753,-1.4
1.11E-06,-258.9758682,-1.32
1.11E-06,-274.6713753,-1.4
1.11E-06,-258.9758682,-1.32
1.11E-06,-258.9758682,-1.32
1.11E-06,-258.9758682,-1.32
1.11E-06,-258.9758682,-1.32
1.11E-06,-258.9758682,-1.32
1.11E-06,-243.280361,-1.24
1.11E-06,-243.280361,-1.24
1.12E-06,-227.5848538,-1.16
1.12E-06,-227.5848538,-1.16
1.12E-06,-211.8893467,-1.08
1.12E-06,-227.5848538,-1.16
1.12E-06,-211.8893467,-1.08
1.12E-06,-211.8893467,-1.08
1.12E-06,-211.8893467,-1.08
1.12E-06,-196.1938395,-1
1.12E-06,-196.1938395,-1
1.12E-06,-196.1938395,-1
1.12E-06,-196.1938395,-1
1.12E-06,-180.4983324,-0.92
1.12E-06,-180.4983324,-0.92
1.13E-06,-180.4983324,-0.92
1.13E-06,-164.8028252,-0.84
1.13E-06,-149.107318,-0.76
1.13E-06,-149.107318,-0.76
1.13E-06,-149.107318,-0.76
1.13E-06,-149.107318,-0.76
1.13E-06,-133.4118109,-0.68
1.13E-06,-133.4118109,-0.68
1.13E-06,-133.4118109,-0.68
1.13E-06,-117.7163037,-0.6
1.13E-06,-117.7163037,-0.6
1.13E-06,-102.0207965,-0.52
1.14E-06,-117.7163037,-0.6
1.14E-06,-102.0207965,-0.52
1.14E-06,-86.32528939,-0.44
1.14E-06,-102.0207965,-0.52
1.14E-06,-86.32528939,-0.44
1.14E-06,-70.62978222,-0.36
1.14E-06,-70.62978222,-0.36
1.14E-06,-70.62978222,-0.36
1.14E-06,-70.62978222,-0.36
1.14E-06,-54.93427506,-0.28
1.14E-06,-54.93427506,-0.28
1.14E-06,-39.2387679,-0.2
1.14E-06,-54.93427506,-0.28
1.15E-06,-23.54326074,-0.12
1.15E-06,-23.54326074,-0.12
1.15E-06,-23.54326074,-0.12
1.15E-06,-7.84776339,-0.04000005
1.15E-06,-23.54326074,-0.12
1.15E-06,-7.84776339,-0.04000005
1.15E-06,7.847743771,0.03999995
1.15E-06,-7.84776339,-0.04000005
1.15E-06,7.847743771,0.03999995
1.15E-06,7.847743771,0.03999995
1.15E-06,7.847743771,0.03999995
1.15E-06,7.847743771,0.03999995
1.16E-06,23.54324112,0.1199999
1.16E-06,39.23874828,0.1999999
1.16E-06,39.23874828,0.1999999
1.16E-06,39.23874828,0.1999999
1.16E-06,39.23874828,0.1999999
1.16E-06,54.93425544,0.2799999
1.16E-06,39.23874828,0.1999999
1.16E-06,54.93425544,0.2799999
1.16E-06,70.62976261,0.3599999
1.16E-06,70.62976261,0.3599999
1.16E-06,70.62976261,0.3599999
1.16E-06,70.62976261,0.3599999
1.16E-06,70.62976261,0.3599999
1.17E-06,102.0207769,0.5199999
1.17E-06,86.32526977,0.4399999
1.17E-06,102.0207769,0.5199999
1.17E-06,102.0207769,0.5199999
1.17E-06,117.7162841,0.5999999
1.17E-06,86.32526977,0.4399999
1.17E-06,102.0207769,0.5199999
1.17E-06,133.4117912,0.6799999
1.17E-06,133.4117912,0.6799999
1.17E-06,133.4117912,0.6799999
1.17E-06,133.4117912,0.6799999
1.17E-06,133.4117912,0.6799999
1.18E-06,149.1072984,0.7599999
1.18E-06,149.1072984,0.7599999
1.18E-06,149.1072984,0.7599999
1.18E-06,149.1072984,0.7599999
1.18E-06,164.8028056,0.8399999
1.18E-06,164.8028056,0.8399999
1.18E-06,149.1072984,0.7599999
1.18E-06,164.8028056,0.8399999
1.18E-06,180.4983127,0.9199999
1.18E-06,164.8028056,0.8399999
1.18E-06,180.4983127,0.9199999
1.18E-06,164.8028056,0.8399999
1.18E-06,196.1938199,0.9999999
1.19E-06,196.1938199,0.9999999
1.19E-06,196.1938199,0.9999999
1.19E-06,211.8893467,1.08
1.19E-06,196.1938199,0.9999999
1.19E-06,196.1938199,0.9999999
1.19E-06,211.8893467,1.08
1.19E-06,211.8893467,1.08
1.19E-06,211.8893467,1.08
1.19E-06,211.8893467,1.08
1.19E-06,227.5848538,1.16
1.19E-06,227.5848538,1.16
1.19E-06,227.5848538,1.16
1.20E-06,227.5848538,1.16
1.20E-06,243.280361,1.24
1.20E-06,243.280361,1.24
1.20E-06,227.5848538,1.16
1.20E-06,243.280361,1.24
1.20E-06,243.280361,1.24
1.20E-06,227.5848538,1.16
1.20E-06,243.280361,1.24
1.20E-06,243.280361,1.24
1.20E-06,227.5848538,1.16
1.20E-06,227.5848538,1.16
1.20E-06,258.9758682,1.32
1.20E-06,243.280361,1.24
1.21E-06,258.9758682,1.32
1.21E-06,243.280361,1.24
1.21E-06,243.280361,1.24
1.21E-06,243.280361,1.24
1.21E-06,258.9758682,1.32
1.21E-06,258.9758682,1.32
1.21E-06,258.9758682,1.32
1.21E-06,243.280361,1.24
1.21E-06,243.280361,1.24
1.21E-06,243.280361,1.24
1.21E-06,258.9758682,1.32
1.21E-06,258.9758682,1.32
1.22E-06,243.280361,1.24
1.22E-06,258.9758682,1.32
1.22E-06,243.280361,1.24
1.22E-06,258.9758682,1.32
1.22E-06,258.9758682,1.32
1.22E-06,243.280361,1.24
1.22E-06,258.9758682,1.32
1.22E-06,258.9758682,1.32
1.22E-06,243.280361,1.24
1.22E-06,243.280361,1.24
1.22E-06,243.280361,1.24
1.22E-06,243.280361,1.24
1.22E-06,227.5848538,1.16
1.23E-06,243.280361,1.24
1.23E-06,227.5848538,1.16
1.23E-06,243.280361,1.24
1.23E-06,243.280361,1.24
1.23E-06,243.280361,1.24
1.23E-06,227.5848538,1.16
1.23E-06,243.280361,1.24
1.23E-06,243.280361,1.24
1.23E-06,227.5848538,1.16
1.23E-06,227.5848538,1.16
1.23E-06,243.280361,1.24
1.23E-06,243.280361,1.24
1.24E-06,227.5848538,1.16
1.24E-06,227.5848538,1.16
1.24E-06,227.5848538,1.16
1.24E-06,227.5848538,1.16
1.24E-06,211.8893467,1.08
1.24E-06,227.5848538,1.16
1.24E-06,211.8893467,1.08
1.24E-06,211.8893467,1.08
1.24E-06,211.8893467,1.08
1.24E-06,227.5848538,1.16
1.24E-06,211.8893467,1.08
1.24E-06,227.5848538,1.16
1.24E-06,211.8893467,1.08
1.25E-06,196.1938199,0.9999999
1.25E-06,211.8893467,1.08
1.25E-06,211.8893467,1.08
1.25E-06,196.1938199,0.9999999
1.25E-06,196.1938199,0.9999999
1.25E-06,196.1938199,0.9999999
1.25E-06,196.1938199,0.9999999
1.25E-06,180.4983127,0.9199999
1.25E-06,180.4983127,0.9199999
1.25E-06,180.4983127,0.9199999
1.25E-06,180.4983127,0.9199999
1.25E-06,180.4983127,0.9199999
1.26E-06,180.4983127,0.9199999
1.26E-06,164.8028056,0.8399999
1.26E-06,149.1072984,0.7599999
1.26E-06,164.8028056,0.8399999
1.26E-06,149.1072984,0.7599999
1.26E-06,164.8028056,0.8399999
1.26E-06,149.1072984,0.7599999
1.26E-06,149.1072984,0.7599999
1.26E-06,133.4117912,0.6799999
1.26E-06,133.4117912,0.6799999
1.26E-06,133.4117912,0.6799999
1.26E-06,133.4117912,0.6799999
1.26E-06,133.4117912,0.6799999
1.27E-06,117.7162841,0.5999999
1.27E-06,117.7162841,0.5999999
1.27E-06,117.7162841,0.5999999
1.27E-06,117.7162841,0.5999999
1.27E-06,102.0207769,0.5199999
1.27E-06,102.0207769,0.5199999
1.27E-06,102.0207769,0.5199999
1.27E-06,102.0207769,0.5199999
1.27E-06,102.0207769,0.5199999
1.27E-06,102.0207769,0.5199999
1.27E-06,86.32526977,0.4399999
1.27E-06,86.32526977,0.4399999
1.28E-06,86.32526977,0.4399999
1.28E-06,86.32526977,0.4399999
1.28E-06,70.62976261,0.3599999
1.28E-06,70.62976261,0.3599999
1.28E-06,70.62976261,0.3599999
1.28E-06,54.93425544,0.2799999
1.28E-06,54.93425544,0.2799999
1.28E-06,39.23874828,0.1999999
1.28E-06,39.23874828,0.1999999
1.28E-06,39.23874828,0.1999999
1.28E-06,39.23874828,0.1999999
1.28E-06,54.93425544,0.2799999
1.28E-06,39.23874828,0.1999999
1.29E-06,23.54324112,0.1199999
1.29E-06,23.54324112,0.1199999
1.29E-06,23.54324112,0.1199999
1.29E-06,7.847743771,0.03999995
1.29E-06,7.847743771,0.03999995
1.29E-06,23.54324112,0.1199999
1.29E-06,7.847743771,0.03999995
1.29E-06,7.847743771,0.03999995
1.29E-06,7.847743771,0.03999995
1.29E-06,7.847743771,0.03999995
1.29E-06,-7.84776339,-0.04000005
1.29E-06,-7.84776339,-0.04000005
1.30E-06,-7.84776339,-0.04000005
1.30E-06,-23.54326074,-0.12
1.30E-06,-39.2387679,-0.2
1.30E-06,-39.2387679,-0.2
1.30E-06,-23.54326074,-0.12
1.30E-06,-39.2387679,-0.2
1.30E-06,-39.2387679,-0.2
1.30E-06,-39.2387679,-0.2
1.30E-06,-54.93427506,-0.28
1.30E-06,-54.93427506,-0.28
1.30E-06,-39.2387679,-0.2
1.30E-06,-54.93427506,-0.28
1.30E-06,-54.93427506,-0.28
1.31E-06,-70.62978222,-0.36
1.31E-06,-70.62978222,-0.36
1.31E-06,-54.93427506,-0.28
1.31E-06,-54.93427506,-0.28
1.31E-06,-70.62978222,-0.36
1.31E-06,-86.32528939,-0.44
1.31E-06,-86.32528939,-0.44
1.31E-06,-86.32528939,-0.44
1.31E-06,-86.32528939,-0.44
1.31E-06,-86.32528939,-0.44
1.31E-06,-86.32528939,-0.44
1.31E-06,-86.32528939,-0.44
1.32E-06,-102.0207965,-0.52
1.32E-06,-102.0207965,-0.52
1.32E-06,-102.0207965,-0.52
1.32E-06,-102.0207965,-0.52
1.32E-06,-102.0207965,-0.52
1.32E-06,-102.0207965,-0.52
1.32E-06,-117.7163037,-0.6
1.32E-06,-117.7163037,-0.6
1.32E-06,-117.7163037,-0.6
1.32E-06,-133.4118109,-0.68
1.32E-06,-117.7163037,-0.6
1.32E-06,-133.4118109,-0.68
1.32E-06,-133.4118109,-0.68
1.33E-06,-133.4118109,-0.68
1.33E-06,-133.4118109,-0.68
1.33E-06,-133.4118109,-0.68
1.33E-06,-133.4118109,-0.68
1.33E-06,-149.107318,-0.76
1.33E-06,-133.4118109,-0.68
1.33E-06,-149.107318,-0.76
1.33E-06,-149.107318,-0.76
1.33E-06,-149.107318,-0.76
1.33E-06,-149.107318,-0.76
1.33E-06,-164.8028252,-0.84
1.33E-06,-164.8028252,-0.84
1.34E-06,-164.8028252,-0.84
1.34E-06,-164.8028252,-0.84
1.34E-06,-164.8028252,-0.84
1.34E-06,-164.8028252,-0.84
1.34E-06,-180.4983324,-0.92
1.34E-06,-164.8028252,-0.84
1.34E-06,-180.4983324,-0.92
1.34E-06,-180.4983324,-0.92
1.34E-06,-164.8028252,-0.84
1.34E-06,-180.4983324,-0.92
1.34E-06,-180.4983324,-0.92
1.34E-06,-180.4983324,-0.92
1.34E-06,-180.4983324,-0.92
1.35E-06,-180.4983324,-0.92
1.35E-06,-180.4983324,-0.92
1.35E-06,-196.1938395,-1
1.35E-06,-180.4983324,-0.92
1.35E-06,-180.4983324,-0.92
1.35E-06,-180.4983324,-0.92
1.35E-06,-180.4983324,-0.92
1.35E-06,-180.4983324,-0.92
1.35E-06,-164.8028252,-0.84
1.35E-06,-196.1938395,-1
1.35E-06,-180.4983324,-0.92
1.35E-06,-180.4983324,-0.92
1.36E-06,-180.4983324,-0.92
1.36E-06,-180.4983324,-0.92
1.36E-06,-196.1938395,-1
1.36E-06,-180.4983324,-0.92
1.36E-06,-180.4983324,-0.92
1.36E-06,-180.4983324,-0.92
1.36E-06,-180.4983324,-0.92
1.36E-06,-180.4983324,-0.92
1.36E-06,-180.4983324,-0.92
1.36E-06,-180.4983324,-0.92
1.36E-06,-180.4983324,-0.92
1.36E-06,-180.4983324,-0.92
1.36E-06,-196.1938395,-1
1.37E-06,-180.4983324,-0.92
1.37E-06,-196.1938395,-1
1.37E-06,-180.4983324,-0.92
1.37E-06,-180.4983324,-0.92
1.37E-06,-180.4983324,-0.92
1.37E-06,-180.4983324,-0.92
1.37E-06,-180.4983324,-0.92
1.37E-06,-180.4983324,-0.92
1.37E-06,-164.8028252,-0.84
1.37E-06,-164.8028252,-0.84
1.37E-06,-180.4983324,-0.92
1.37E-06,-164.8028252,-0.84
1.38E-06,-164.8028252,-0.84
1.38E-06,-164.8028252,-0.84
1.38E-06,-164.8028252,-0.84
1.38E-06,-164.8028252,-0.84
1.38E-06,-149.107318,-0.76
1.38E-06,-164.8028252,-0.84
1.38E-06,-164.8028252,-0.84
1.38E-06,-164.8028252,-0.84
1.38E-06,-164.8028252,-0.84
1.38E-06,-149.107318,-0.76
1.38E-06,-149.107318,-0.76
1.38E-06,-164.8028252,-0.84
1.38E-06,-149.107318,-0.76
1.39E-06,-164.8028252,-0.84
1.39E-06,-149.107318,-0.76
1.39E-06,-149.107318,-0.76
1.39E-06,-149.107318,-0.76
1.39E-06,-149.107318,-0.76
1.39E-06,-133.4118109,-0.68
1.39E-06,-149.107318,-0.76
1.39E-06,-133.4118109,-0.68
1.39E-06,-133.4118109,-0.68
1.39E-06,-133.4118109,-0.68
1.39E-06,-133.4118109,-0.68
1.39E-06,-133.4118109,-0.68
1.40E-06,-133.4118109,-0.68
1.40E-06,-117.7163037,-0.6
1.40E-06,-117.7163037,-0.6
1.40E-06,-117.7163037,-0.6
1.40E-06,-133.4118109,-0.68
1.40E-06,-133.4118109,-0.68
1.40E-06,-102.0207965,-0.52
1.40E-06,-117.7163037,-0.6
1.40E-06,-117.7163037,-0.6
1.40E-06,-117.7163037,-0.6
1.40E-06,-102.0207965,-0.52
1.40E-06,-102.0207965,-0.52
1.40E-06,-102.0207965,-0.52
1.41E-06,-86.32528939,-0.44
1.41E-06,-102.0207965,-0.52
1.41E-06,-86.32528939,-0.44
1.41E-06,-102.0207965,-0.52
1.41E-06,-102.0207965,-0.52
1.41E-06,-70.62978222,-0.36
1.41E-06,-86.32528939,-0.44
1.41E-06,-70.62978222,-0.36
1.41E-06,-86.32528939,-0.44
1.41E-06,-86.32528939,-0.44
1.41E-06,-70.62978222,-0.36
1.41E-06,-70.62978222,-0.36
1.42E-06,-70.62978222,-0.36
1.42E-06,-70.62978222,-0.36
1.42E-06,-54.93427506,-0.28
1.42E-06,-70.62978222,-0.36
1.42E-06,-54.93427506,-0.28
1.42E-06,-54.93427506,-0.28
1.42E-06,-54.93427506,-0.28
1.42E-06,-39.2387679,-0.2
1.42E-06,-54.93427506,-0.28
1.42E-06,-54.93427506,-0.28
1.42E-06,-39.2387679,-0.2
1.42E-06,-39.2387679,-0.2
1.42E-06,-39.2387679,-0.2
1.43E-06,-39.2387679,-0.2
1.43E-06,-39.2387679,-0.2
1.43E-06,-23.54326074,-0.12
1.43E-06,-23.54326074,-0.12
1.43E-06,-23.54326074,-0.12
1.43E-06,-23.54326074,-0.12
1.43E-06,-7.84776339,-0.04000005
1.43E-06,-23.54326074,-0.12
1.43E-06,-23.54326074,-0.12
1.43E-06,-23.54326074,-0.12
1.43E-06,-7.84776339,-0.04000005
1.43E-06,-23.54326074,-0.12
1.44E-06,7.847743771,0.03999995
1.44E-06,23.54324112,0.1199999
1.44E-06,-7.84776339,-0.04000005
1.44E-06,-7.84776339,-0.04000005
1.44E-06,23.54324112,0.1199999
1.44E-06,-7.84776339,-0.04000005
1.44E-06,7.847743771,0.03999995
1.44E-06,23.54324112,0.1199999
1.44E-06,23.54324112,0.1199999
1.44E-06,7.847743771,0.03999995
1.44E-06,7.847743771,0.03999995
1.44E-06,23.54324112,0.1199999
1.44E-06,23.54324112,0.1199999
1.45E-06,23.54324112,0.1199999
1.45E-06,39.23874828,0.1999999
1.45E-06,39.23874828,0.1999999
1.45E-06,39.23874828,0.1999999
1.45E-06,39.23874828,0.1999999
1.45E-06,39.23874828,0.1999999
1.45E-06,23.54324112,0.1199999
1.45E-06,39.23874828,0.1999999
1.45E-06,39.23874828,0.1999999
1.45E-06,54.93425544,0.2799999
1.45E-06,54.93425544,0.2799999
1.45E-06,54.93425544,0.2799999
1.46E-06,54.93425544,0.2799999
1.46E-06,70.62976261,0.3599999
1.46E-06,54.93425544,0.2799999
1.46E-06,54.93425544,0.2799999
1.46E-06,70.62976261,0.3599999
1.46E-06,54.93425544,0.2799999
1.46E-06,70.62976261,0.3599999
1.46E-06,86.32526977,0.4399999
1.46E-06,86.32526977,0.4399999
1.46E-06,86.32526977,0.4399999
1.46E-06,70.62976261,0.3599999
1.46E-06,70.62976261,0.3599999
1.46E-06,86.32526977,0.4399999
1.47E-06,70.62976261,0.3599999
1.47E-06,86.32526977,0.4399999
1.47E-06,86.32526977,0.4399999
1.47E-06,102.0207769,0.5199999
1.47E-06,86.32526977,0.4399999
1.47E-06,102.0207769,0.5199999
1.47E-06,102.0207769,0.5199999
1.47E-06,102.0207769,0.5199999
1.47E-06,86.32526977,0.4399999
1.47E-06,102.0207769,0.5199999
1.47E-06,102.0207769,0.5199999
1.47E-06,86.32526977,0.4399999
1.48E-06,117.7162841,0.5999999
1.48E-06,102.0207769,0.5199999
1.48E-06,102.0207769,0.5199999
1.48E-06,86.32526977,0.4399999
1.48E-06,102.0207769,0.5199999
1.48E-06,86.32526977,0.4399999
1.48E-06,102.0207769,0.5199999
1.48E-06,117.7162841,0.5999999
1.48E-06,102.0207769,0.5199999
1.48E-06,117.7162841,0.5999999
1.48E-06,102.0207769,0.5199999
1.48E-06,117.7162841,0.5999999
1.48E-06,117.7162841,0.5999999
1.49E-06,117.7162841,0.5999999
1.49E-06,102.0207769,0.5199999
1.49E-06,117.7162841,0.5999999
1.49E-06,117.7162841,0.5999999
1.49E-06,102.0207769,0.5199999
1.49E-06,117.7162841,0.5999999
1.49E-06,117.7162841,0.5999999
1.49E-06,133.4117912,0.6799999
1.49E-06,117.7162841,0.5999999
1.49E-06,133.4117912,0.6799999
1.49E-06,133.4117912,0.6799999
1.49E-06,102.0207769,0.5199999
1.50E-06,133.4117912,0.6799999
1.50E-06,117.7162841,0.5999999
1.50E-06,102.0207769,0.5199999
1.50E-06,133.4117912,0.6799999
1.50E-06,102.0207769,0.5199999
1.50E-06,117.7162841,0.5999999
1.50E-06,117.7162841,0.5999999
1.50E-06,117.7162841,0.5999999
1.50E-06,102.0207769,0.5199999
1.50E-06,117.7162841,0.5999999
1.50E-06,117.7162841,0.5999999
1.50E-06,133.4117912,0.6799999
1.50E-06,117.7162841,0.5999999
1.51E-06,133.4117912,0.6799999
1.51E-06,117.7162841,0.5999999
1.51E-06,117.7162841,0.5999999
1.51E-06,117.7162841,0.5999999
1.51E-06,117.7162841,0.5999999
1.51E-06,117.7162841,0.5999999
1.51E-06,117.7162841,0.5999999
1.51E-06,133.4117912,0.6799999
1.51E-06,102.0207769,0.5199999
1.51E-06,133.4117912,0.6799999
1.51E-06,102.0207769,0.5199999
1.51E-06,117.7162841,0.5999999
1.52E-06,133.4117912,0.6799999
1.52E-06,133.4117912,0.6799999
1.52E-06,117.7162841,0.5999999
1.52E-06,117.7162841,0.5999999
1.52E-06,102.0207769,0.5199999
1.52E-06,117.7162841,0.5999999
1.52E-06,102.0207769,0.5199999
1.52E-06,102.0207769,0.5199999
1.52E-06,86.32526977,0.4399999
1.52E-06,102.0207769,0.5199999
1.52E-06,102.0207769,0.5199999
1.52E-06,102.0207769,0.5199999
1.52E-06,117.7162841,0.5999999
1.53E-06,102.0207769,0.5199999
1.53E-06,102.0207769,0.5199999
1.53E-06,102.0207769,0.5199999
1.53E-06,86.32526977,0.4399999
1.53E-06,86.32526977,0.4399999
1.53E-06,102.0207769,0.5199999
1.53E-06,86.32526977,0.4399999
1.53E-06,102.0207769,0.5199999
1.53E-06,102.0207769,0.5199999
1.53E-06,102.0207769,0.5199999
1.53E-06,86.32526977,0.4399999
1.53E-06,86.32526977,0.4399999
1.54E-06,86.32526977,0.4399999
1.54E-06,102.0207769,0.5199999
1.54E-06,102.0207769,0.5199999
1.54E-06,70.62976261,0.3599999
1.54E-06,102.0207769,0.5199999
1.54E-06,86.32526977,0.4399999
1.54E-06,86.32526977,0.4399999
1.54E-06,70.62976261,0.3599999
1.54E-06,70.62976261,0.3599999
1.54E-06,86.32526977,0.4399999
1.54E-06,86.32526977,0.4399999
1.54E-06,70.62976261,0.3599999
1.54E-06,70.62976261,0.3599999
1.55E-06,86.32526977,0.4399999
1.55E-06,70.62976261,0.3599999
1.55E-06,70.62976261,0.3599999
1.55E-06,70.62976261,0.3599999
1.55E-06,54.93425544,0.2799999
1.55E-06,70.62976261,0.3599999
1.55E-06,70.62976261,0.3599999
1.55E-06,54.93425544,0.2799999
1.55E-06,54.93425544,0.2799999
1.55E-06,54.93425544,0.2799999
1.55E-06,39.23874828,0.1999999
1.55E-06,54.93425544,0.2799999
1.56E-06,39.23874828,0.1999999
1.56E-06,54.93425544,0.2799999
1.56E-06,39.23874828,0.1999999
1.56E-06,54.93425544,0.2799999
1.56E-06,23.54324112,0.1199999
1.56E-06,39.23874828,0.1999999
1.56E-06,39.23874828,0.1999999
1.56E-06,39.23874828,0.1999999
1.56E-06,39.23874828,0.1999999
1.56E-06,23.54324112,0.1199999
1.56E-06,23.54324112,0.1199999
1.56E-06,39.23874828,0.1999999
1.56E-06,23.54324112,0.1199999
1.57E-06,23.54324112,0.1199999
1.57E-06,23.54324112,0.1199999
1.57E-06,23.54324112,0.1199999
1.57E-06,23.54324112,0.1199999
1.57E-06,23.54324112,0.1199999
1.57E-06,7.847743771,0.03999995
1.57E-06,7.847743771,0.03999995
1.57E-06,7.847743771,0.03999995
1.57E-06,7.847743771,0.03999995
1.57E-06,7.847743771,0.03999995
1.57E-06,7.847743771,0.03999995
1.57E-06,7.847743771,0.03999995
1.58E-06,-7.84776339,-0.04000005
1.58E-06,7.847743771,0.03999995
1.58E-06,-7.84776339,-0.04000005
1.58E-06,-7.84776339,-0.04000005
1.58E-06,-7.84776339,-0.04000005
1.58E-06,-7.84776339,-0.04000005
1.58E-06,-7.84776339,-0.04000005
1.58E-06,-7.84776339,-0.04000005
1.58E-06,-7.84776339,-0.04000005
1.58E-06,-23.54326074,-0.12
1.58E-06,-7.84776339,-0.04000005
1.58E-06,-7.84776339,-0.04000005
1.58E-06,-7.84776339,-0.04000005
1.59E-06,-23.54326074,-0.12
1.59E-06,-23.54326074,-0.12
1.59E-06,-39.2387679,-0.2
1.59E-06,-23.54326074,-0.12
1.59E-06,-23.54326074,-0.12
1.59E-06,-23.54326074,-0.12
1.59E-06,-39.2387679,-0.2
1.59E-06,-39.2387679,-0.2
1.59E-06,-23.54326074,-0.12
1.59E-06,-54.93427506,-0.28
1.59E-06,-39.2387679,-0.2
1.59E-06,-39.2387679,-0.2
1.60E-06,-39.2387679,-0.2
1.60E-06,-54.93427506,-0.28
1.60E-06,-54.93427506,-0.28
1.60E-06,-54.93427506,-0.28
1.60E-06,-54.93427506,-0.28
1.60E-06,-39.2387679,-0.2
1.60E-06,-54.93427506,-0.28
1.60E-06,-54.93427506,-0.28
1.60E-06,-54.93427506,-0.28
1.60E-06,-54.93427506,-0.28
1.60E-06,-54.93427506,-0.28
1.60E-06,-54.93427506,-0.28
1.60E-06,-70.62978222,-0.36
1.61E-06,-70.62978222,-0.36
1.61E-06,-54.93427506,-0.28
1.61E-06,-70.62978222,-0.36
1.61E-06,-54.93427506,-0.28
1.61E-06,-70.62978222,-0.36
1.61E-06,-70.62978222,-0.36
1.61E-06,-70.62978222,-0.36
1.61E-06,-86.32528939,-0.44
1.61E-06,-70.62978222,-0.36
1.61E-06,-86.32528939,-0.44
1.61E-06,-70.62978222,-0.36
1.61E-06,-70.62978222,-0.36
1.62E-06,-86.32528939,-0.44
1.62E-06,-86.32528939,-0.44
1.62E-06,-102.0207965,-0.52
1.62E-06,-86.32528939,-0.44
1.62E-06,-70.62978222,-0.36
1.62E-06,-70.62978222,-0.36
1.62E-06,-86.32528939,-0.44
1.62E-06,-102.0207965,-0.52
1.62E-06,-70.62978222,-0.36
1.62E-06,-86.32528939,-0.44
1.62E-06,-86.32528939,-0.44
1.62E-06,-86.32528939,-0.44
1.62E-06,-86.32528939,-0.44
1.63E-06,-86.32528939,-0.44
1.63E-06,-86.32528939,-0.44
1.63E-06,-102.0207965,-0.52
1.63E-06,-102.0207965,-0.52
1.63E-06,-86.32528939,-0.44
1.63E-06,-102.0207965,-0.52
1.63E-06,-102.0207965,-0.52
1.63E-06,-86.32528939,-0.44
1.63E-06,-86.32528939,-0.44
1.63E-06,-102.0207965,-0.52
1.63E-06,-86.32528939,-0.44
1.63E-06,-86.32528939,-0.44
1.64E-06,-102.0207965,-0.52
1.64E-06,-102.0207965,-0.52
1.64E-06,-86.32528939,-0.44
1.64E-06,-102.0207965,-0.52
1.64E-06,-102.0207965,-0.52
1.64E-06,-102.0207965,-0.52
1.64E-06,-102.0207965,-0.52
1.64E-06,-102.0207965,-0.52
1.64E-06,-102.0207965,-0.52
1.64E-06,-117.7163037,-0.6
1.64E-06,-102.0207965,-0.52
1.64E-06,-102.0207965,-0.52
1.64E-06,-102.0207965,-0.52
1.65E-06,-86.32528939,-0.44
1.65E-06,-102.0207965,-0.52
1.65E-06,-102.0207965,-0.52
1.65E-06,-102.0207965,-0.52
1.65E-06,-102.0207965,-0.52
1.65E-06,-86.32528939,-0.44
1.65E-06,-102.0207965,-0.52
1.65E-06,-102.0207965,-0.52
1.65E-06,-86.32528939,-0.44
1.65E-06,-86.32528939,-0.44
1.65E-06,-102.0207965,-0.52
1.65E-06,-102.0207965,-0.52
1.66E-06,-102.0207965,-0.52
1.66E-06,-86.32528939,-0.44
1.66E-06,-102.0207965,-0.52
1.66E-06,-102.0207965,-0.52
1.66E-06,-86.32528939,-0.44
1.66E-06,-102.0207965,-0.52
1.66E-06,-86.32528939,-0.44
1.66E-06,-86.32528939,-0.44
1.66E-06,-86.32528939,-0.44
1.66E-06,-102.0207965,-0.52
1.66E-06,-86.32528939,-0.44
1.66E-06,-102.0207965,-0.52
1.66E-06,-102.0207965,-0.52
1.67E-06,-102.0207965,-0.52
1.67E-06,-86.32528939,-0.44
1.67E-06,-86.32528939,-0.44
1.67E-06,-86.32528939,-0.44
1.67E-06,-102.0207965,-0.52
1.67E-06,-86.32528939,-0.44
1.67E-06,-86.32528939,-0.44
1.67E-06,-86.32528939,-0.44
1.67E-06,-86.32528939,-0.44
1.67E-06,-86.32528939,-0.44
1.67E-06,-102.0207965,-0.52
1.67E-06,-102.0207965,-0.52
1.68E-06,-86.32528939,-0.44
1.68E-06,-86.32528939,-0.44
1.68E-06,-70.62978222,-0.36
1.68E-06,-70.62978222,-0.36
1.68E-06,-86.32528939,-0.44
1.68E-06,-86.32528939,-0.44
1.68E-06,-70.62978222,-0.36
1.68E-06,-70.62978222,-0.36
1.68E-06,-70.62978222,-0.36
1.68E-06,-70.62978222,-0.36
1.68E-06,-86.32528939,-0.44
1.68E-06,-70.62978222,-0.36
1.68E-06,-70.62978222,-0.36
1.69E-06,-70.62978222,-0.36
1.69E-06,-70.62978222,-0.36
1.69E-06,-70.62978222,-0.36
1.69E-06,-70.62978222,-0.36
1.69E-06,-70.62978222,-0.36
1.69E-06,-70.62978222,-0.36
1.69E-06,-54.93427506,-0.28
1.69E-06,-70.62978222,-0.36
1.69E-06,-54.93427506,-0.28
1.69E-06,-70.62978222,-0.36
1.69E-06,-54.93427506,-0.28
1.69E-06,-54.93427506,-0.28
1.70E-06,-39.2387679,-0.2
1.70E-06,-54.93427506,-0.28
1.70E-06,-39.2387679,-0.2
1.70E-06,-54.93427506,-0.28
1.70E-06,-39.2387679,-0.2
1.70E-06,-54.93427506,-0.28
1.70E-06,-39.2387679,-0.2
1.70E-06,-54.93427506,-0.28
1.70E-06,-39.2387679,-0.2
1.70E-06,-54.93427506,-0.28
1.70E-06,-39.2387679,-0.2
1.70E-06,-39.2387679,-0.2
1.70E-06,-39.2387679,-0.2
1.71E-06,-39.2387679,-0.2
1.71E-06,-39.2387679,-0.2
1.71E-06,-39.2387679,-0.2
1.71E-06,-23.54326074,-0.12
1.71E-06,-23.54326074,-0.12
1.71E-06,-23.54326074,-0.12
1.71E-06,-39.2387679,-0.2
1.71E-06,-23.54326074,-0.12
1.71E-06,-23.54326074,-0.12
1.71E-06,-23.54326074,-0.12
1.71E-06,-23.54326074,-0.12
1.71E-06,-23.54326074,-0.12
1.72E-06,-23.54326074,-0.12
1.72E-06,-7.84776339,-0.04000005
1.72E-06,-23.54326074,-0.12
1.72E-06,-23.54326074,-0.12
1.72E-06,-23.54326074,-0.12
1.72E-06,-7.84776339,-0.04000005
1.72E-06,-7.84776339,-0.04000005
1.72E-06,-7.84776339,-0.04000005
1.72E-06,-23.54326074,-0.12
1.72E-06,7.847743771,0.03999995
1.72E-06,-7.84776339,-0.04000005
1.72E-06,-7.84776339,-0.04000005
1.72E-06,7.847743771,0.03999995
1.73E-06,-7.84776339,-0.04000005
1.73E-06,7.847743771,0.03999995
1.73E-06,7.847743771,0.03999995
1.73E-06,7.847743771,0.03999995
1.73E-06,-7.84776339,-0.04000005
1.73E-06,7.847743771,0.03999995
1.73E-06,7.847743771,0.03999995
1.73E-06,7.847743771,0.03999995
1.73E-06,7.847743771,0.03999995
1.73E-06,7.847743771,0.03999995
1.73E-06,7.847743771,0.03999995
1.73E-06,23.54324112,0.1199999
1.74E-06,7.847743771,0.03999995
1.74E-06,23.54324112,0.1199999
1.74E-06,23.54324112,0.1199999
1.74E-06,7.847743771,0.03999995
1.74E-06,23.54324112,0.1199999
1.74E-06,39.23874828,0.1999999
1.74E-06,23.54324112,0.1199999
1.74E-06,39.23874828,0.1999999
1.74E-06,23.54324112,0.1199999
1.74E-06,23.54324112,0.1199999
1.74E-06,39.23874828,0.1999999
1.74E-06,23.54324112,0.1199999
1.74E-06,23.54324112,0.1199999
1.75E-06,23.54324112,0.1199999
1.75E-06,23.54324112,0.1199999
1.75E-06,54.93425544,0.2799999
1.75E-06,39.23874828,0.1999999
1.75E-06,54.93425544,0.2799999
1.75E-06,39.23874828,0.1999999
1.75E-06,39.23874828,0.1999999
1.75E-06,39.23874828,0.1999999
1.75E-06,54.93425544,0.2799999
1.75E-06,54.93425544,0.2799999
1.75E-06,39.23874828,0.1999999
1.75E-06,54.93425544,0.2799999
1.76E-06,54.93425544,0.2799999
1.76E-06,70.62976261,0.3599999
1.76E-06,54.93425544,0.2799999
1.76E-06,70.62976261,0.3599999
1.76E-06,54.93425544,0.2799999
1.76E-06,54.93425544,0.2799999
1.76E-06,54.93425544,0.2799999
1.76E-06,54.93425544,0.2799999
1.76E-06,70.62976261,0.3599999
1.76E-06,70.62976261,0.3599999
1.76E-06,70.62976261,0.3599999
1.76E-06,54.93425544,0.2799999
1.76E-06,70.62976261,0.3599999
1.77E-06,54.93425544,0.2799999
1.77E-06,70.62976261,0.3599999
1.77E-06,54.93425544,0.2799999
1.77E-06,70.62976261,0.3599999
1.77E-06,70.62976261,0.3599999
1.77E-06,70.62976261,0.3599999
1.77E-06,70.62976261,0.3599999
1.77E-06,86.32526977,0.4399999
1.77E-06,70.62976261,0.3599999
1.77E-06,70.62976261,0.3599999
1.77E-06,70.62976261,0.3599999
1.77E-06,54.93425544,0.2799999
1.78E-06,70.62976261,0.3599999
1.78E-06,70.62976261,0.3599999
1.78E-06,70.62976261,0.3599999
1.78E-06,86.32526977,0.4399999
1.78E-06,70.62976261,0.3599999
1.78E-06,86.32526977,0.4399999
1.78E-06,70.62976261,0.3599999
1.78E-06,86.32526977,0.4399999
1.78E-06,70.62976261,0.3599999
1.78E-06,86.32526977,0.4399999
1.78E-06,70.62976261,0.3599999
1.78E-06,54.93425544,0.2799999
1.78E-06,86.32526977,0.4399999
1.79E-06,86.32526977,0.4399999
1.79E-06,86.32526977,0.4399999
1.79E-06,54.93425544,0.2799999
1.79E-06,86.32526977,0.4399999
1.79E-06,86.32526977,0.4399999
1.79E-06,86.32526977,0.4399999
1.79E-06,86.32526977,0.4399999
1.79E-06,86.32526977,0.4399999
1.79E-06,86.32526977,0.4399999
1.79E-06,70.62976261,0.3599999
1.79E-06,86.32526977,0.4399999
1.79E-06,70.62976261,0.3599999
1.80E-06,70.62976261,0.3599999
1.80E-06,70.62976261,0.3599999
1.80E-06,70.62976261,0.3599999
1.80E-06,86.32526977,0.4399999
1.80E-06,86.32526977,0.4399999
1.80E-06,86.32526977,0.4399999
1.80E-06,54.93425544,0.2799999
1.80E-06,70.62976261,0.3599999
1.80E-06,70.62976261,0.3599999
1.80E-06,70.62976261,0.3599999
1.80E-06,70.62976261,0.3599999
1.80E-06,70.62976261,0.3599999
1.80E-06,70.62976261,0.3599999
1.81E-06,70.62976261,0.3599999
1.81E-06,70.62976261,0.3599999
1.81E-06,70.62976261,0.3599999
1.81E-06,54.93425544,0.2799999
1.81E-06,70.62976261,0.3599999
1.81E-06,86.32526977,0.4399999
1.81E-06,54.93425544,0.2799999
1.81E-06,54.93425544,0.2799999
1.81E-06,70.62976261,0.3599999
1.81E-06,39.23874828,0.1999999
1.81E-06,70.62976261,0.3599999
1.81E-06,54.93425544,0.2799999
1.82E-06,70.62976261,0.3599999